the_geom,OBJECTID,Loc,Borough,Street_Nam,From_Stree,To_Street,Iex,May07_AM,May07_PM,May07_MD,Sept07_AM,Sept07_PM,Sept07_MD,May08_AM,May08_PM,May08_MD,Sept08_AM,Sept08_PM,Sept08_MD,May09_AM,May09_PM,May09_MD,Sept09_AM,Sept09_PM,Sept09_MD,May10_AM,May10_PM,May10_MD,Sept10_AM,Sept10_PM,Sept10_MD,May11_AM,May11_PM,May11_MD,Sept11_AM,Sept11_PM,Sept11_MD,May12_AM,May12_PM,May12_MD,Sept12_AM,Sept12_PM,Sept12_MD,May13_AM,May13_PM,May13_MD,Sept13_AM,Sept13_PM,Sept13_MD,May14_AM,May14_PM,May14_MD,Sept14_AM,Sept14_PM,Sept14_MD,May15_AM,May15_PM,May15_MD,Sept15_AM,Sept15_PM,Sept15_MD,May16_AM,May16_PM,May16_MD,Sept16_AM,Sept16_PM,Sept16_MD,May17_AM,May17_PM,May17_MD,Sept17_AM,Sept17_PM,Sept17_MD,May18_AM,May18_PM,May18_MD,Sept18_AM,Sept18_PM,Sept18_MD,May19_AM,May19_PM,May19_MD,Oct20_AM,Oct20_PM,Oct20_MD,May21_AM,May21_PM,May21_MD,Oct21_AM,Oct21_PM,Oct21_MD,May22_AM,May22_pM,May22_MD,Oct22_AM,Oct22_PM,Oct22_MD,May23_AM,May23_pM,May23_MD,Oct23_AM,Oct23_PM,Oct23_MD,June24_AM,June24_PM,June24_MD,Oct24_AM,Oct24_PM,Oct24_MD,May25_AM,May25_PM,May25_MD
POINT (-74.01155687409947 40.70463665187375),35,35,Manhattan,Broad Street,Beaver Street,South William Street,Y,"3,469","3,992",599,"4,214","12,879","8,077","4,231","7,042","1,157","3,906","7,307","1,171","4,745","5,954","1,112","2,421","6,724","1,030","3,696","5,944",737,"4,013","6,014",922,"3,879","6,839",853,"4,254","5,989","1,681","4,495","4,437","1,175","4,302","6,257","1,341","2,865","4,874","1,273","3,758","5,843","1,466","3,666","5,845","1,149","3,383","5,154",954,"4,177","6,445",993,"4,622","7,161","1,411","4,632","7,093","1,580","4,041","5,893","1,880","3,522","6,747","1,715","4,924","8,303","2,036","4,374","6,603","1,756","4,131","6,471","2,010","4,100","7,302","1,669",707,"1,248",570,"1,158","2,577","1,168","1,736","2,711","1,279","2,143","4,002","1,470","2,134","3,643","1,531","2,359","4,491","1,531","2,107","4,095","1,542","2,280","4,554","1,350","2,547","4,775",1880,"2,650","4,670","1,423"
POINT (-74.01286204592034 40.70634164448271),36,36,Manhattan,Broadway,Morris Street,Exchange Place,Y,"3,660","8,390","2,361","4,507","15,554","12,748","3,110","7,880","4,098","4,483","11,912","3,528","3,085","7,169","5,281","5,206","12,034","6,513","4,896","11,032","3,907","4,644","10,890","6,569","4,357","9,628","4,097","3,838","10,699","6,962","5,462","9,308","5,350","5,021","12,183","6,297","4,964","12,371","6,990","5,121","11,809","7,564","5,744","12,666","7,947","5,732","16,251","4,691","5,416","14,507","8,321","3,935","13,111","7,254","5,079","11,126","7,116","3,791","10,156","7,720","6,274","14,040","9,265","7,798","12,650","8,126","5,221","19,725","6,818","4,437","10,726","9,615","5,049","11,765","7,029",398,"1,903","1,337","1,647","5,041","3,395","1,901","4,671","3,884","2,804","7,018","5,383","2,432","4,977","4,877","3,241","8,955","5,214","2,938","7,604","6,482","3,041","9,071","5,078","3,368","8,641",6432,"3,212","10,126","6,149"
POINT (-73.98219706247882 40.7718134030119),37,37,Manhattan,Broadway,West 63rd Street,West 64th Street,Y,"1,611","6,764","4,592","1,805","5,674","4,111","1,293","6,024","5,804","2,616","8,454","5,178","1,620","2,654","5,207","2,718","6,600","4,236","1,988","8,750","5,390","2,447","9,057","6,147","1,999","8,878","5,799","1,687","7,388","4,793","2,086","4,690","8,376","1,881","8,696","6,809","1,986","9,375","6,034","2,577","9,566","7,064","1,775","7,707","5,919","2,686","7,916","4,462","1,870","8,996","7,676","3,950","11,244","7,146","2,789","8,673","5,003","2,338","8,574","5,944","1,962","6,832","5,446","2,091","9,305","4,663","2,059","6,194","6,037","2,122","7,773","5,259","1,696","6,864","4,907",280,694,"3,555","1,233","4,932","3,445","1,899","5,745","4,966","1,977","6,730","4,752","2,096","7,096","5,391","1,608","5,271","4,154","1,693","5,210","3,909",880,"4,493","2,278","1,915","5,566",4249,"1,641","5,129","3,409"
POINT (-74.01009312926121 40.715904559004244),38,38,Manhattan,Chambers Street,West Broadway,Greenwich Street,Y,"7,081","8,512","2,061","7,192","8,513","5,204","6,556","10,440","2,145","5,333","5,097","2,675","7,466","10,866","1,696","8,091","8,273","1,612","6,318","9,575","6,305","8,909","11,065","2,983","6,905","11,192","2,677","14,456","11,407","4,674","5,765","4,266","2,939","8,185","10,981","4,144","7,735","9,680","4,100","8,232","9,661","3,627","8,140","10,248","1,580","8,806","10,478","1,538","8,324","9,689","2,422","8,183","9,256","1,696","6,923","9,546","2,994","7,639","8,514","5,458","6,923","9,546","2,994","8,401","9,937","3,302","8,323","8,960","3,630","8,834","10,456","3,493","3,075","6,598","2,934",832,"1,302","1,099","1,316","2,643","1,215","4,604","4,163","1,984","4,615","4,799","1,538","5,268","5,645","2,366","2,299","3,760","1,259","5,265","6,100","1,913","3,174","4,409","1,725","3,239","4,939",2236,"5,107","5,989","2,478"
POINT (-73.97713579908014 40.77968082763136),39,39,Manhattan,Columbus Avenue,West 75th Street,West 76th Street,N,"1,071","3,037","3,500","1,189","2,748","2,523",895,"2,385","3,910","1,172","3,306","3,171","1,041","1,761","3,084","2,248","4,408","2,629","1,507","3,464","3,633","1,632","3,907","3,407","1,520","4,024","4,157","1,497","3,598","2,442","1,603","2,283","3,703","1,601","3,898","4,216","1,676","4,358","4,968","1,646","3,998","4,070","1,451","4,420","4,246","1,633","3,272","3,271","1,218","4,604","6,597","2,387","8,626","3,766","1,892","4,594","4,162","1,852","3,277","4,522","1,558","3,627","2,690","1,592","3,626","2,977","1,524","3,905","3,780","1,756","3,794","2,451",0,0,0,706,"1,319","2,407",867,"3,049","1,873","1,380","3,121","2,846","1,300","3,205","2,756","1,412","3,425","3,114","1,394","3,836","2,868","1,292","3,500","3,817",967,"4,031","2,790","1,498","3,732",3982,"1,389","4,250","3,955"
POINT (-73.98936305063111 40.718989359353586),40,40,Manhattan,Delancey Street,Orchard Street,Ludlow Street,Y,"1,085","2,733","2,529","1,433","4,104","2,701","1,015","2,947","2,718",958,"2,218","1,635",869,"1,680","1,378","1,664","4,708","2,233",940,"2,702","2,093","1,396","2,912","1,861","1,036","2,741","2,119",969,"2,606","1,592","1,451","2,495","2,514","1,616","4,262","3,385","1,472","4,415","3,776","1,594","4,278","2,951","1,558","4,792","2,809","1,636","4,480","2,626","1,357","4,543","3,367","1,557","4,809","1,973","1,746","5,086","3,197","1,847","4,847","3,032","1,647","4,534","3,295","1,634","3,238","2,420","1,851","4,772","3,249","1,629","4,010","3,034","1,704","4,692","3,351",318,832,"1,499",775,"2,652","2,390","1,269","3,643","2,764","1,151","3,285","2,617","1,220","3,975","3,264","1,077","4,128","2,868","1,063","3,982","2,939","1,055","3,672","2,657","1,180","4,381",3459,"1,158","4,554","3,278"
POINT (-73.99265748471083 40.73559926423828),41,41,Manhattan,East 14th Street,Fifth Avenue,University Place,Y,"2,265","13,723","4,761","2,084","13,965","5,004","3,000","11,119","10,041","2,682","14,451","7,391","2,946","17,128","7,151","3,135","15,654","7,300","2,480","13,830","6,559","2,952","14,895","6,008","2,726","18,830","9,130","2,803","16,102","7,005","2,607","8,641","8,997","2,730","13,560","8,102","3,034","17,519","8,918","2,930","14,597","7,377","3,029","12,888","8,876","3,248","14,486","6,765","3,462","13,830","9,616","3,868","15,862","6,103","3,017","14,947","7,465","3,979","16,487","6,253","3,303","18,021","10,204","4,251","19,584","5,078","2,601","14,123","6,924","2,973","11,932","6,408","1,704","4,692","7,036","1,045","4,787","4,543","1,443","7,443","3,474","2,181","8,440","5,148","2,241","8,784","4,765","2,435","10,237","5,805","6,470","13,227","8,181","2,134","8,750","5,473","2,021","7,513","3,775","2,297","8,744",5643,"2,455","8,684","5,215"
POINT (-73.97665547944715 40.75169473512389),42,42,Manhattan,East 42 Street,Park Avenue,Lexington Avenue,Y,"7,485","15,513","6,239","6,664","16,133","4,885","6,149","15,315","4,689","5,437","13,819","6,455","8,306","21,051","6,303","7,433","20,672","5,006","7,210","17,256","5,715","9,320","16,289","5,193","7,149","16,756","6,308","8,729","16,342","5,287","8,083","12,937","6,480","7,362","16,933","6,857","7,478","18,085","6,703","7,700","17,327","7,617","8,461","17,127","5,692","7,278","18,044","4,682","8,428","16,039","6,560","8,690","17,425","5,608","13,311","28,056","9,351","8,253","16,376","6,400","9,241","20,258","6,428","8,551","16,529","6,279","8,452","19,998","5,873","9,358","23,025","8,808","9,414","16,061","5,619","2,522","4,555","2,127","3,917","7,663","2,919","3,643","7,261","3,545","7,206","13,406","5,809","6,076","11,461","5,696","6,470","13,227","6,563","6,005","12,215","6,099","7,465","13,836","1,422","6,185","13,165",5810,"4,844","9,094","4,285"
POINT (-73.99441204702927 40.731436017707075),43,43,Manhattan,East 8th Street,University Place,Greene Street,N,944,"5,422","2,254",952,"5,782","2,736","1,052","6,359","3,097",975,"5,623","2,947",884,"4,929","2,506","1,064","5,810","2,736","1,035","5,137","2,588","1,291","5,350","2,367",926,"5,171","2,968",980,"5,290","2,417","1,134","2,830","2,846","1,084","6,025","2,600","1,111","5,771","2,830","1,087","5,550","3,066",824,"3,902","2,237","1,200","5,118","2,335","1,113","3,873","2,756","1,183","5,024","2,220","1,267","5,138","2,661","1,457","6,299","2,276","1,352","4,866","2,682","1,212","5,016","1,690",905,"5,073","2,276","1,232","5,929","3,014",0,0,0,468,"1,201","2,943",769,"2,756","1,676","1,176","3,763","2,727","1,018","3,010","2,505","1,267","4,576","3,258","6,470","17,928","9,492","1,091","4,217","2,970",883,"2,799","1,636","1,175","4,471",2783,784,"2,469","1,852"
POINT (-73.98861503057542 40.7588482835213),44,44,Manhattan,Eighth Avenue,West 44th Street,West 45th Street,N,"2,735","8,412","12,143","8,533","23,290","16,629","10,246","33,290","13,498","5,753","13,671","9,753","8,366","16,730","5,749","7,495","14,628","4,423","5,196","16,136","8,685","3,841","10,130","7,476","6,058","20,010","7,261","5,684","13,805","8,406","5,608","13,250","9,213","6,265","18,303","9,065","6,561","19,195","9,577","6,729","18,822","9,879","7,027","17,164","7,998","7,906","21,946","10,243","8,133","22,625","8,990","7,222","19,064","6,468","7,800","28,019","10,030","7,160","21,141","8,346","8,389","25,824","9,745","7,802","23,979","12,536","9,734","28,309","11,806","7,816","24,112","9,241",0,0,0,"1,018","2,084","1,596","2,294","6,402","2,966","3,591","10,884","11,739","5,111","19,400","15,618","5,960","18,219","10,327","3,507","14,612","9,182","5,570","15,906","11,039","5,366","18,075","10,623","5,670","18,908",15642,"6,822","22,016","10,213"
POINT (-73.97514418621735 40.761353610911776),45,45,Manhattan,Fifth Avenue,East 54th Street,East 55th Street,Y,"3,081","16,471","13,891","3,432","23,840","11,707","3,974","25,732","18,273","4,089","20,929","16,307","3,385","20,508","10,507","8,483","22,495","11,485","4,013","18,701","12,727","3,771","24,601","12,752","3,285","26,106","12,370","3,968","18,993","15,946","3,189","14,533","13,555","3,472","22,800","14,405","3,858","20,485","15,398","3,951","20,202","14,353","3,616","20,639","16,089","3,980","20,528","15,513","4,113","26,831","12,417","3,637","20,999","11,320","4,443","22,351","12,712","4,360","22,274","12,247","6,445","23,214","11,394","2,985","19,551","11,576","6,266","23,182","16,299","3,689","18,048","16,022","3,892","16,971","10,229","1,085","3,180","2,704","1,669","8,766","4,615","1,966","8,098","6,927","3,139","12,370","8,790","3,142",0,"10,967","3,488","13,929","9,182","3,445","14,804","12,807","1,728","11,567","8,747","3,362","13,524",10109,"3,378","15,485","9,925"
POINT (-73.99451531515767 40.71493552371378),46,46,Manhattan,Forsyth Street,Canal Street,Division Street,N,"1,373","7,481","4,703","1,290","3,506","3,583","1,190","4,763","4,504","1,598","5,879","5,347","1,269","5,187","4,981","2,184","6,998","3,800","1,353","5,832","4,961","2,660","4,606","3,443","1,150","5,796","3,298","1,217","5,186","2,888","1,153","3,570","4,359","1,537","5,951","4,342","1,586","4,688","3,965","1,671","4,954","3,869","1,552","5,110","3,810","1,517","5,461","3,043","1,297","6,222","3,029","1,451","5,129","2,811","1,258","4,788","3,174","1,334","4,059","2,994","1,391","6,610","4,469","1,336","3,305","2,866","1,509","6,451","4,437","1,378","5,535","3,962",0,0,0,551,"1,578","1,929",684,"2,523","2,255",844,"2,607","1,880","1,011","2,462","2,152","1,013","2,465","2,741",971,"2,889","1,354",976,"2,631","3,072","1,141","2,881","1,774","1,062","3,104",2561,971,"2,388","2,785"
POINT (-74.0084036486757 40.71055376746076),47,47,Manhattan,Fulton Street,Broadway,Nassau Street,Y,"4,530","9,162","2,495","3,446","5,498","1,835","4,614","9,415","3,553","5,041","9,322","2,043","5,539","8,901","2,464","2,544","6,708","2,847","3,922","7,398","2,319","4,280","8,945","4,578","3,881","7,535","3,855","4,137","10,248","4,274","4,192","6,091","3,172","4,635","9,180","3,327","4,543","8,727","3,473","4,216","7,922","3,202","3,425","7,732","2,698","3,457","7,212","1,856","3,595","8,002","2,259","4,127","7,037","2,706","3,460","8,459","3,542","4,039","6,740","3,425","4,637","9,223","4,792","3,625","6,414","3,704","3,191","6,681","4,242","3,566","7,838","4,297","3,712","7,632","3,569","1,284","3,050","2,051","1,869","5,016","2,536","2,159","4,357","2,634","3,055","6,634","3,443","2,416","3,954","4,131","3,959","7,477","4,127","3,665","9,336","4,176","2,566","5,882","2,435","2,810","5,509",3862,"2,871","6,663","4,456"
POINT (-74.00451806937401 40.70806272095774),48,48,Manhattan,Fulton Street,Cliff Street,Pearl Street,N,"2,593","6,755","3,167","1,902","5,113","2,637","2,112","8,540","4,686","2,596","7,309","2,888","3,544","7,324","2,992","2,098","5,479","2,685","1,982","6,308","2,593","2,647","7,119","2,502","2,633","8,206","5,151","2,091","5,561","3,650","2,611","4,285","3,775","2,760","7,767","3,652","2,887","7,392","4,899","2,732","5,578","3,251","2,466","5,850","2,506","2,963","7,062","2,510","2,584","5,436","3,590","3,251","5,359","3,257","3,207","9,604","3,429","2,894","7,597","3,555","1,977","4,998","4,729","2,846","7,266","2,938","2,610","6,366","2,705","2,940","6,723","4,325",0,0,0,733,"1,631",0,"1,041","4,049","2,207","1,430","3,427","2,018","1,705","4,818","2,502","1,747","4,847","3,254","1,920","5,423","3,553","1,526","3,224","1,494","1,520","4,866","2,674","2,022","5,622",3868,"2,110","5,923","4,295"
POINT (-73.96888735867235 40.761264607952285),49,49,Manhattan,Lexington Avenue,East 57th Street,East 58th Street,Y,"4,502","21,634","5,687","4,251","11,296","5,302","4,034","20,893","6,619","4,231","11,009","5,962","4,122","8,661","5,705","3,272","10,679","4,786","4,123","11,641","4,676","5,082","11,880","4,208","3,742","12,143","5,814","3,908","11,014","4,528","4,678","8,412","4,332","4,587","12,345","4,900","4,138","12,682","5,924","4,566","11,639","5,661","3,800","14,129","5,956","4,298","11,716","5,628","3,205","8,111","5,894","5,870","18,125","3,484","4,931","12,301","4,583","4,625","12,007","4,892","4,489","12,400","3,894","4,656","10,732","4,176","4,218","9,699","4,155","3,887","10,451","3,828","4,483","10,685","3,991","1,490","3,093","2,031","2,293","5,427","1,853","3,158","6,341","2,980","3,350","7,242","3,203","3,352","7,207","3,646","3,083","6,930","3,330","3,298","7,618","3,511","3,386","7,100","2,621","3,508","7,213",3330,"3,208","7,351","3,007"
POINT (-73.96568512678532 40.77144062263456),50,50,Manhattan,Madison Avenue,East 71st Street,East 72 Street,N,667,"3,760","3,090",680,"3,204","2,495",571,"4,254","3,073","1,014","2,687","4,099",677,"1,726","2,088",635,"3,250","1,817",706,"2,918","2,830",832,"3,114","2,340",712,"3,602","2,895",611,"2,998","2,159",837,"2,238","2,492",966,"3,899","3,283",729,"3,183","3,102",858,"3,034","2,455",722,"3,912","2,633",739,"2,983","1,630",760,"3,247",760,"2,235","7,220","2,690",718,"2,988","2,480","2,142","6,911","2,160",624,"2,681","2,185",786,"2,495","1,711",770,"3,779","1,863",837,"3,191","1,510",0,0,0,530,"1,451","1,326",591,"2,316","1,408",0,0,0,742,"2,692","2,057",792,"2,281","2,846",735,"2,907","1,252",740,"2,183","3,619",659,"2,166","1,325",842,"2,415",3172,865,"2,399","2,902"
POINT (-73.99134284997088 40.749996387066574),51,51,Manhattan,Seventh Avenue,West 32 Street,West 33rd Street,Y,"10,084","25,156","9,261","8,803","23,825","10,476","7,566","23,312","11,362","8,407","24,311","11,704","7,356","29,526","12,533","13,552","27,632","11,537","12,189","22,390","10,615","8,422","22,613","10,902","8,954","23,314","10,625","11,445","23,015","12,765","10,782","18,101","12,342","13,647","28,208","10,690","11,898","26,609","11,146","12,365","28,392","11,374","13,677","26,062","11,781","12,246","27,744","10,281","17,191","35,990","50,827","9,103","25,197","10,439","11,410","31,856","16,847","11,099","38,885","13,500","9,740","24,343","10,861","9,523","23,193","10,593","12,171","29,618","9,733","14,126","30,194","13,037","11,623","24,186","11,541","2,625","5,217",0,"4,887","9,115","5,752","5,912","13,607",0,"6,546","14,615","6,300","4,877","13,029","5,869","5,005","12,508","6,010","1,356","2,386","1,139","6,347","15,261","5,180","7,319","16,054",8082,"7,327","13,343","5,264"
POINT (-74.01257537541983 40.708351612740366),52,52,Manhattan,Trinity Place,Rector Street,Thames Street,N,"4,552","7,164","2,286","4,982","14,290","9,826","4,814","7,983","2,754","3,362","5,228","1,688","2,770","4,090","2,393","4,886","5,836","2,634","2,224","3,889","1,808","3,107","4,424","2,570","2,629","4,933","2,270","2,701","4,312","3,636","2,283","3,602","2,734","2,821","4,897","3,033","2,216","4,530","3,238","2,512","4,332","2,627","2,431","4,504","3,980","2,346","5,095","1,738","3,007","5,964","3,744","1,527","5,592","2,104","2,246","4,073","2,607","2,344","4,403","3,024","2,261","4,475","1,754","2,306","4,271","2,993","1,554","4,381","1,738","1,818","4,631","3,062",0,0,0,447,517,535,644,"1,373",912,926,"1,566","1,319",987,"2,222","1,780","1,275","1,740","1,357","1,271","2,746","1,168","5,179","13,394","6,199","1,310","2,880","1,763","1,443","2,484",2023,"1,436","2,919","1,558"
POINT (-74.01098647762808 40.70733537559069),53,53,Manhattan,Wall Street,New Street,Nassau Street,Y,"3,784","5,560","2,733","8,065","14,469","8,295","6,842","11,264","4,814","7,476","15,167","4,035","6,149","9,608","4,402","3,506","12,635","5,695","6,247","12,186","3,755","6,885","14,303","4,636","6,485","13,176","5,906","6,219","13,724","6,742","6,004","7,844","6,167","6,733","11,023","5,284","5,354","11,111","5,430","5,405","10,140","5,763","6,072","10,741","5,827","7,981","11,310","4,959","5,681","10,717","5,430","6,547","9,135","6,261","6,759","14,575","5,836","6,445","11,300","6,516","5,733","10,277","5,651","5,792","10,494","6,854","4,643","10,661","4,623","4,560","9,628","5,572","5,453","9,823","5,141",0,0,0,"2,253","4,265","2,048","2,939","5,154","2,849","3,530","7,325","4,243","3,644","6,021","4,247","3,858","8,388","3,011",0,0,0,"4,313","8,110","4,822","3,987","8,065",5247,"4,050","9,688","5,046"
POINT (-73.94703781905247 40.80842973710492),54,54,Manhattan,West 125th Street,Adam C. Powell Boulevard,Lenox Avenue,Y,"1,706","7,519","3,949","1,638","7,546","5,084","1,921","7,831","5,219","2,152","7,681","4,484","1,277","8,561","3,984","2,398","7,903","5,492","2,042","7,855","7,142","2,388","8,710","6,443","2,231","8,165","6,800","2,582","8,638","6,698","1,900","5,255","5,603","2,126","8,851","5,540","2,121","9,253","5,586","2,476","9,667","5,256","2,123","8,114","5,767","1,985","7,754","5,434","2,308","8,328","5,792","2,070","8,046","5,588","2,129","8,010","5,791","2,077","8,199","5,483","2,227","7,957","5,857","1,979","8,087","5,486","2,144","8,074","5,852","2,266","7,664","4,762","1,448","8,740","5,437",906,"5,290","4,421",963,"3,669","3,651","2,715","8,882","5,037","1,337","5,751","3,881","1,266","5,105","3,920","1,201","6,217","2,497","2,647","8,200","4,284","1,867","7,708","4,390","2,259","9,288",6549,"1,830","8,976","5,125"
POINT (-74.00384095197924 40.740305392828965),55,55,Manhattan,West 14th Street,Hudson Street,Eighth Avenue,Y,"1,540","5,089","2,960","1,902","5,474","2,337","1,520","6,274","2,701","1,568","5,664","2,936","1,360","6,047","2,485","2,047","6,649","3,890","1,458","6,221","3,057","2,159","7,055","3,974","1,800","8,911","4,963","1,949","11,166","3,514","2,106","4,993","4,335","2,024","9,462","5,285","2,078","9,234","5,257","2,176","9,180","4,950","5,272","11,953","6,519","2,032","8,263","4,419","1,935","8,995","4,635","2,075","8,066","4,751","2,150","8,456","6,081","2,193","8,523","4,507","1,769","8,995","5,170","2,128","9,186","3,972","2,252","9,369","5,848","1,841","7,133","5,444","2,168","8,860","4,932",724,"1,975","1,888","1,306","5,804","4,094","1,507","4,782","4,795","1,853","6,716","5,613",0,0,"5,276","2,128","7,705","4,005","2,357","7,174","4,070","2,319","7,574","4,210","2,779","7,843",3999,"1,929","7,523","4,792"
POINT (-73.93434784508338 40.84958094443508),56,56,Manhattan,West 181st Street,St. Nicholas Avenue,Wadsworth Avenue,Y,"1,305","6,516","3,281","1,685","5,562","4,725","1,071","7,420","4,174","1,238","7,394","4,432","1,032","6,680","4,881","1,212","8,747","3,926","1,448","8,364","4,679","1,212","7,940","5,056","1,375","8,257","4,476","1,198","8,012","5,040","1,307","5,254","5,567","1,245","6,921","7,461","1,266","7,442","5,704","1,321","7,409","6,194","1,372","7,225","4,492","1,399","7,357","6,125","1,380","7,230","4,512","1,428","7,544","6,184","1,380","7,476","4,671","1,422","7,555","6,295","1,343","7,407","1,343","1,386","7,668","6,307","1,549","7,984","4,937","1,520","8,036","4,903","1,196","6,010","4,361",589,"2,443","3,453",789,"4,105","2,716","1,079","4,346","6,786","1,130","5,131","3,257","1,183","4,182","3,620","1,059","4,811","2,195","1,044","4,071","3,708",998,"5,110","2,809","1,237","5,453",3794,"1,164","5,570","3,615"
POINT (-73.98934552114228 40.75045405486473),57,57,Manhattan,West 34th Street,Broadway,Seventh Avenue,Y,"12,000","28,123","12,528","10,326","32,673","14,201","12,391","32,736","14,646","11,051","29,019","16,268","12,690","21,943","13,971","11,941","27,764","12,044","13,421","30,544","10,055","10,010","30,103","9,900","9,969","31,701","14,182","11,279","27,249","11,137","13,645","18,969","13,790","13,348","26,865","13,036","11,672","28,348","15,594","12,232","30,743","13,107","15,806","29,150","10,806","13,152","25,591","12,222","12,297","26,852","12,297","10,197","25,687","11,670","13,835","33,102","12,029","9,272","25,365","15,233","11,874","25,185","10,944","14,215","25,734","17,262","13,511","30,643","12,904","14,021","31,953","13,000","12,694","28,606","11,452","3,099","8,568","5,287","4,199","15,230","7,422","5,946","16,622","8,475","8,508","20,529","9,122","8,378","20,440","9,996","6,837","19,358","7,136","6,765","17,587","8,422","7,885","22,089","8,571","8,940","24,359",10803,"7,514","22,446","7,564"
POINT (-73.98335689692979 40.752843606340384),58,58,Manhattan,West 40th Street,Avenue of the Americas,Fifth Avenue,Y,"5,454","11,571","2,639","5,284","11,208","2,606","6,019","10,301","2,175","6,258","8,616","2,905","5,064","10,654","1,664","6,160","13,985","2,136","6,479","11,224","2,868","7,467","12,457","2,417","5,540","11,750","2,943","6,362","11,933","1,973","8,340","8,884","2,616","7,269","14,127","3,055","5,930","12,133","2,321","6,499","12,234","3,167","6,020","12,837","1,693","7,673","14,418","2,779","7,085","13,064","2,413","6,415","13,370","2,258","7,257","20,533","3,407","6,089","13,479","2,753","5,923","11,981","3,672","7,553","16,774","3,818","7,334","16,566","2,921","7,971","14,682","3,718","6,275","13,456","2,734","1,214","2,049","1,252","2,136","3,908","1,660","2,731","6,873","2,402","3,830","9,637","3,431","3,984","8,986","2,885","3,653","9,758","2,877","4,276","13,693","4,533","4,149","10,400","3,272","4,145","10,814",4894,"4,287","10,620","3,488"
POINT (-73.98017962622333 40.757338486389926),59,59,Manhattan,West 47th Street,Avenue of the Americas,Fifth Avenue,N,"3,897","14,939","2,201","3,043","14,487","1,475","4,899","13,996","1,401","2,953","9,805","2,389","3,463","10,636","2,119","3,647","10,736","1,862","3,972","12,733","1,765","3,941","8,928","1,736","5,618","11,433","2,623","3,348","9,064","1,763","3,620","8,316","2,021","3,450","10,003","2,170","4,463","11,828","2,227","4,002","12,205","1,978","4,090","13,502","2,681","5,009","12,687","2,559","4,041","12,351","2,296","4,128","11,969","1,973","5,117","14,037","2,772","4,758","13,021","2,720","3,585","12,022","2,121","2,696","12,024","2,551","3,371","9,199","1,904","3,324","10,349","2,330",0,0,0,"1,169",0,0,"1,036","3,123",833,0,0,0,"2,620","6,342","2,386","2,021","5,863","1,876","3,708","8,899","1,894","3,246","9,229","1,493","2,650","8,200","1,624","3,309","7,497",2999,"2,685","9,293","2,746"
POINT (-73.96829307507049 40.755190220332366),60,60,Manhattan,Seco Avenue,50th Street,51st Street,Y,"2,335","5,371","2,066","2,259","5,431","2,047","2,077","4,957","1,776","2,002","3,574","2,202","1,605","4,840","1,933","1,669","4,029","1,493","2,091","4,311","2,690","2,162","4,299","2,031","1,853","4,564","2,391","2,008","4,548","2,181","2,159","3,654","2,578","2,527","5,238","2,767","2,425","5,912","2,277","2,415","5,529","3,284","2,507","5,358","2,405","2,660","4,863","1,616","2,257","5,259","1,872","2,534","6,619","1,894","2,255","4,484","2,836","2,521","5,715","2,751","2,604","5,938","2,490","1,850","4,501","1,904","2,971","7,314","2,988","2,532","5,394","2,708","2,527","5,494","2,982",804,"2,228","2,713","1,520","4,481","1,720","1,747","4,237","3,164","1,905","4,746","2,753","1,760","5,035","2,785","1,812","4,589","2,202","1,942","4,753","2,647","1,834","4,641","2,057","1,989","4,954",3002,"1,985","5,276","3,010"
POINT (-73.97053303866996 40.75613758564416),61,61,Manhattan,Third Avenue,50th Street,51st Street,N,"5,504","8,447","2,827","6,329","11,003","2,475","4,733","10,036","2,296","5,547","15,473","2,501","3,804","9,823","2,537","5,516","11,033","2,466","5,302","9,590","2,648","2,350","7,303","2,373","5,849","11,011","3,397","6,198","10,387","2,777","5,073","6,995","2,766","5,778","11,225","2,933","5,793","11,707","2,738","6,457","12,336","3,442","5,237","7,708","2,825","4,063","7,625","2,312","5,825","11,919","2,274","5,920","12,416","2,473","5,016","10,549","2,962","4,837","8,838","2,656","5,965","12,548","2,926","5,148","11,761","2,136","5,999","11,973","2,592","6,140","9,956","3,119",0,0,0,"1,465","2,576","1,659","2,642","6,218","1,411","2,623","4,716","2,445","3,496","6,710","2,340","3,519","6,646","2,736","3,477","7,243","1,972","3,608","6,631","2,038","4,879","7,692","2,363","4,494","8,090",3089,"4,056","7,901","2,643"
POINT (-73.97213382742112 40.756810835163854),62,62,Manhattan,Lexington Avenue,50th Street,51st Street,N,"5,730","10,557","4,805","5,124","10,010","2,600","5,659","12,883","2,968","6,153","20,071","3,229","3,614","7,280","3,131","4,243","9,235","2,768","5,812","12,143","2,781","4,941","6,260","2,481","6,003","12,261","2,708","4,610","9,722","3,331","5,610","7,253","3,075","6,127","11,630","3,781","4,876","9,020","3,524","6,174","11,573","3,613","6,038","13,374","4,716","7,870","13,083","3,056","7,312","13,958","3,041","5,822","11,681","2,816","3,851","10,651","3,776","4,532","10,213","2,900","6,508","12,931","3,247","5,614","9,926","2,480","5,786","13,307","3,289","5,127","10,525","2,743",0,0,0,860,"1,217",831,"2,040","2,862","1,550","2,806","4,888","1,932","4,223","7,193","2,060","3,690","7,378","2,345","3,397","7,220","1,871","5,253","9,234","2,302","5,759","9,392","2,448","5,255","10,111",3072,"4,911","8,780","2,503"
POINT (-73.97385284104773 40.75753624831215),63,63,Manhattan,Park Avenue,50th Street,51st Street,Y,"6,824","10,653","2,025","7,868","12,535","1,137","5,201","10,800","1,113","6,059","18,973","1,460","4,068","8,087","1,464","5,358","10,971","1,560","5,342","10,497","1,471","4,100","10,317","1,538","5,118","9,773","1,598","6,862","9,879","1,985","5,774","6,601","1,378","6,951","13,358","2,125","6,103","10,628","1,534","6,458","11,376","2,239","6,896","12,018","1,897","4,229","8,301","1,001","7,063","10,745","1,730","6,279","11,439","1,405","4,639","10,165","1,969","6,021","9,465","1,811","7,630","13,654","1,362","5,576","10,725",895,"5,166","9,687","1,209","5,194","10,011","1,328","6,202","10,611","1,111",835,"1,224",643,"1,587","2,947",729,"2,855","4,556",888,"4,136","7,595","1,064","4,032","7,409","1,378","4,116","7,135",952,"4,331","8,308","1,278","5,509","10,255",617,"5,045","10,500",1303,"5,409","9,759","1,247"
POINT (-73.97536263666144 40.75817343083521),64,64,Manhattan,Madison Avenue,50th Street,51st Street,N,"4,204","9,307","3,297","3,997","9,188","2,239","2,407","5,634","2,144","3,139","8,742","1,643","2,498","7,990","2,281","4,161","9,773","4,224","3,589","9,460","2,104","2,451","6,184","2,054","3,694","8,962","2,678","3,582","8,710","4,161","3,903","6,394","2,539","3,810","9,559","2,740","3,806","9,398","2,004","4,026","11,649","2,676","3,943","8,762","2,568","3,999","9,766","1,974","3,422","10,220","2,685","4,049","10,719","1,974","4,156","9,431","2,556","3,384","9,498","2,059","3,733","10,241","2,080","4,032","9,340","1,479","3,510","9,823","2,362","4,203","10,063","2,649",0,0,0,793,"1,440",868,"1,381","3,195","1,050","1,920","3,983","1,314","2,967","5,806","1,884","3,051","6,359","2,074","3,578","7,410","2,895","4,111","7,845","2,204","4,746","9,105","1,681","3,914","7,380",2019,"4,347","9,599","2,115"
POINT (-73.97697246269053 40.75885135958746),65,65,Manhattan,Fifth Avenue,50th Street,51st Street,N,"5,565","18,855","12,954","4,759","14,718","11,866","5,685","28,077","16,851","5,006","20,879","14,623","3,770","25,268","11,494","5,019","20,562","11,446","4,360","28,429","10,440","3,503","16,915","13,044","4,424","24,803","11,311","5,211","18,865","13,084","3,886","16,819","12,325","4,642","25,523","16,286","4,375","20,567","13,542","5,217","20,548","11,730","4,757","22,388","16,189","3,900","16,284","10,995","5,111","23,968","17,081","3,311","12,523","10,262","5,069","23,382","15,398","6,371","20,399","14,273","3,869","17,620","14,224","5,221","22,146","15,522","3,426","15,500","10,479","5,498","25,452","13,558",0,0,0,750,"2,764","4,004","1,368","6,021","6,181","2,170","10,583","9,139","3,387","16,673","12,336","3,400","9,090","14,168","3,091","16,049","15,490","3,173","15,613","13,164","4,160","18,178","10,729","3,554","14,834",15831,"3,073","16,341","10,009"
POINT (-73.98019868261785 40.76021178450935),66,66,Manhattan,Sixth Avenue,50th Street,51st Street,N,"8,288","17,222","7,527","9,097","20,504","14,386","8,627","23,153","7,523","7,647","23,605","7,729","4,880","14,500","5,385","8,591","25,013","8,340","7,753","22,076","7,042","7,565","23,463","6,787","7,109","17,964","6,532","6,353","16,219","6,910","5,885","11,446","4,718","6,755","18,750","5,962","7,344","21,852","9,578","8,653","20,989","8,928","6,754","20,361","8,167","7,757","18,925","5,550","8,382","19,830","7,573","7,899","22,568","6,896","8,539","20,057","8,095","8,451","20,123","8,578","9,078","21,417","7,852","7,749","17,784","7,483","8,719","31,236","5,443","8,352","19,964","3,591",0,0,0,"1,150","1,933","2,279","2,273","6,380","2,872","3,473","8,744","4,826","5,146","13,784","9,144","5,356","12,850","6,196","5,026","14,461","4,957","4,903","15,277","7,390","5,359","14,828","6,241","5,889","16,631",8475,"7,702","15,772","6,392"
POINT (-73.98303507483828 40.76140611887666),67,67,Manhattan,Seventh Avenue,50th Street,51st Street,N,"4,490","9,683","9,375","4,952","13,179","6,120","6,100","18,254","7,303","6,446","20,666","9,077","4,052","11,765","5,383","5,238","21,134","8,703","4,683","18,116","5,245","4,730","18,128","4,951","3,580","12,448","4,956","5,207","11,867","6,135","4,125","8,700","6,298","5,521","15,077","6,800","5,266","14,066","6,575","4,947","12,929","5,974","4,404","13,341","8,216","4,307","13,090","6,401","4,661","14,752","7,617","6,388","13,831","6,692","5,324","14,088","6,798","5,972","14,583","7,043","6,066","12,107","5,963","5,100","13,429","6,408","5,689","15,258","5,905","5,643","15,681","7,179",0,0,0,734,"1,620",0,"1,033","3,828","2,431","2,168","5,802","4,210","3,722","11,165","5,535","3,630","9,524","5,630","3,577","10,946","5,923","3,313","10,249","6,157","4,630","11,175","6,101","3,971","11,789",6283,"3,784","11,249","4,286"
POINT (-73.98383919698608 40.76174395517826),68,68,Manhattan,Broadway,50th Street,51st Street,Y,"3,651","11,214","9,134","4,158","12,401","9,352","2,973","11,426","7,308","4,316","14,026","8,443","3,151","8,475","6,386","3,934","11,771","8,480","3,893","12,065","5,874","4,222","13,896","6,784","3,883","13,185","5,734","3,680","11,856","5,699","3,337","9,640","7,974","5,221","13,664","7,514","3,744","13,639","9,366","3,841","13,493","7,740","3,763","16,899","7,208","3,693","9,794","6,292","3,711","15,263","7,523","5,050","13,880","7,486","4,761","16,986","7,928","5,458","15,559","7,641","4,902","16,330","6,214","6,000","17,338","9,274","2,987","10,248","7,929","4,564","14,546","6,917","3,885","15,193","7,587",697,"1,823","1,366","1,284","4,800","2,585","2,015","6,078","4,380","3,065","12,216","7,095","2,872","10,477","6,349","2,223","9,058","5,037","3,290","10,533","7,122","2,789","11,525","5,894","3,228","11,656",8196,"2,505","8,786","7,857"
POINT (-73.98589867014988 40.76257065006476),69,69,Manhattan,Eighth Avenue,50th Street,51st Street,N,"2,817","7,362","5,118","3,971","8,561","5,391","3,752","10,656","5,858","4,184","12,792","7,798","3,054","9,975","4,793","3,549","12,643","4,837","3,513","10,332","4,192","3,616","11,171","4,140","3,465","11,368","4,276","3,626","9,549","5,309","3,403","7,429","5,619","3,834","9,893","5,097","3,858","12,261","6,363","4,311","12,194","6,721","4,178","15,305","8,567","3,459","12,050","5,719","3,675","12,228","8,666","4,543","13,075","4,924","4,446","16,529","7,359","4,669","16,089","6,486","4,816","16,366","7,899","4,829","12,806","4,777","4,365","12,765","7,613","4,354","12,501","7,489",0,0,0,"1,357","3,366","2,300","1,959","5,948","3,084","2,705","7,814","5,397","3,460","10,776","6,970","3,669","9,959","6,291","2,980","9,555","4,487","3,586","9,607","6,583","3,566","9,462","7,512","3,690","10,873",6696,"3,697","11,258","6,203"
POINT (-73.99694382805035 40.7673124325193),70,70,Manhattan,Hudson River Greenway,50th Street,51st Street,N,190,382,310,129,342,363,90,103,186,194,234,216,27,192,64,190,269,436,280,453,201,273,313,469,307,563,487,233,141,"1,515",255,118,"1,948",363,494,832,291,760,"2,519",362,639,"1,043",211,528,985,507,593,"1,051",241,620,631,281,694,733,244,619,625,339,553,483,255,537,584,268,649,950,249,667,481,389,458,901,0,0,0,226,266,542,412,192,644,442,762,754,515,865,704,318,314,934,460,960,151,419,550,"1,195",705,729,380,683,951,990,520,"1,020",947
